{"cameraMode":{"drawMode":0,"name":"Shaded","section":"Shading Mode"},"sceneLighting":true,"audioPlay":false,"sceneViewState":{"m_AlwaysRefresh":false,"showFog":true,"showSkybox":true,"showFlares":true,"showImageEffects":true,"showParticleSystems":true,"showVisualEffectGraphs":true,"m_FxEnabled":true},"in2DMode":false,"pivot":{"x":0.390623539686203,"y":1.871578335762024,"z":1.8486613035202027},"rotation":{"x":0.01710827648639679,"y":0.7337028384208679,"z":0.018485965207219125,"w":-0.6790053844451904},"size":0.3043651282787323,"orthographic":false}