{"cameraMode":{"drawMode":0,"name":"Shaded","section":"Shading Mode"},"sceneLighting":true,"audioPlay":false,"sceneViewState":{"m_AlwaysRefresh":false,"showFog":true,"showSkybox":true,"showFlares":true,"showImageEffects":true,"showParticleSystems":true,"showVisualEffectGraphs":true,"m_FxEnabled":true},"in2DMode":false,"pivot":{"x":-2.6276159286499025,"y":1.1355124711990357,"z":-0.8557177782058716},"rotation":{"x":-0.048754557967185977,"y":0.30997613072395327,"z":-0.015917818993330003,"w":-0.9493626356124878},"size":1.0181806087493897,"orthographic":false}