{"cameraMode":{"drawMode":0,"name":"Shaded","section":"Shading Mode"},"sceneLighting":false,"audioPlay":false,"sceneViewState":{"m_AlwaysRefresh":false,"showFog":true,"showSkybox":false,"showFlares":true,"showImageEffects":true,"showParticleSystems":true,"showVisualEffectGraphs":true,"m_FxEnabled":true},"in2DMode":false,"pivot":{"x":-0.7943427562713623,"y":0.2027111053466797,"z":-1.3803749084472657},"rotation":{"x":0.2800394594669342,"y":-0.27972885966300967,"z":0.08567486703395844,"w":0.9143284559249878},"size":3.802513599395752,"orthographic":false}