{"cameraMode":{"drawMode":0,"name":"Shaded","section":"Shading Mode"},"sceneLighting":true,"audioPlay":false,"sceneViewState":{"m_AlwaysRefresh":false,"showFog":true,"showSkybox":true,"showFlares":true,"showImageEffects":true,"showParticleSystems":true,"showVisualEffectGraphs":true,"m_FxEnabled":true},"in2DMode":false,"pivot":{"x":1.7154029607772828,"y":-1.1572206020355225,"z":0.7859495878219605},"rotation":{"x":0.09794162958860398,"y":0.8948672413825989,"z":-0.3619012236595154,"w":0.2421804517507553},"size":16.759536743164064,"orthographic":false}